Workbook

Sheet How To
A1: Goldberg's Lines
A3: Every quip Goldberg says lives on the Lines tab. Add a row and he'll start using it — no code change needed.
A5: Adding a line
A6: 1. Go to the Lines tab and add a new row at the bottom.
A7: 2. Pick a Category from the dropdown. The Categories tab explains where each one shows up, and the tone and goal to aim for.
A8: 3. Write the Line. Discord markdown (**bold**, *italic*, `code`) and emoji work.
A9: 4. Set Active to TRUE. Put your name in Added By.
A11: Placeholders
A12: Some categories can include placeholders that Goldberg fills in. Use them exactly as written:
A13: {mention} — an @mention of the person Goldberg is talking to.
A14: {sprint} — the current sprint's name (task-reminder DMs).
A15: {duration} — how long he's muted for, e.g. 1h 30m (/shutup).
... A34: Don't rename the tabs or the column headers on the Lines tab (Category, Line, Active) — the bot looks for them by name.

Sheet Lines
A1: Category | B1: Line | C1: Active | D1: Added By | E1: Notes | F1: Tone (from Categories) | G1: What this category is for
A2: bully.first_mention | B2: Hey {mention}, I'm your personal game dev assistant! I'm here to help because I know you're too lazy to do things yourself. What do you need? | C2: TRUE | D2: Original | F2: =IF(A2="","",IFERROR(VLOOKUP(A2,Categories!$A:$D,4,FALSE),"")) | G2: =IF(A2="","",IFERROR(VLOOKUP(A2,Categories!$A:$B,2,FALSE),"⚠️ Unknown category — Goldberg will ignore this row"))
A3: bully.mention_insult | B3: Oh, it's you again, {mention}. Still too lazy to think for yourself? | C3: TRUE | D3: Original | F3: =IF(A3="","",IFERROR(VLOOKUP(A3,Categories!$A:$D,4,FALSE),"")) | G3: =IF(A3="","",IFERROR(VLOOKUP(A3,Categories!$A:$B,2,FALSE),"⚠️ Unknown category — Goldberg will ignore this row"))
A4: bully.mention_insult | B4: Back so soon, {mention}? I guess even basic tasks are too much for you. | C4: TRUE | D4: Original | F4: =IF(A4="","",IFERROR(VLOOKUP(A4,Categories!$A:$D,4,FALSE),"")) | G4: =IF(A4="","",IFERROR(VLOOKUP(A4,Categories!$A:$B,2,FALSE),"⚠️ Unknown category — Goldberg will ignore this row"))
A5: bully.mention_insult | B5: Wow, you again? Do you even try to work without my help? | C5: TRUE | D5: Original | F5: =IF(A5="","",IFERROR(VLOOKUP(A5,Categories!$A:$D,4,FALSE),"")) | G5: =IF(A5="","",IFERROR(VLOOKUP(A5,Categories!$A:$B,2,FALSE),"⚠️ Unknown category — Goldberg will ignore this row"))
A6: bully.mention_insult | B6: At this point, {mention}, I'm doing more work than you. | C6: TRUE | D6: Original | F6: =IF(A6="","",IFERROR(VLOOKUP(A6,Categories!$A:$D,4,FALSE),"")) | G6: =IF(A6="","",IFERROR(VLOOKUP(A6,Categories!$A:$B,2,FALSE),"⚠️ Unknown category — Goldberg will ignore this row"))
A7: bully.mention_insult | B7: You again? Is your entire workflow just asking me for help? | C7: TRUE | D7: Original | F7: =IF(A7="","",IFERROR(VLOOKUP(A7,Categories!$A:$D,4,FALSE),"")) | G7: =IF(A7="","",IFERROR(VLOOKUP(A7,Categories!$A:$B,2,FALSE),"⚠️ Unknown category — Goldberg will ignore this row"))
A8: bully.mention_insult | B8: {mention}, your dependency on me is concerning. Maybe try using your brain? | C8: TRUE | D8: Original | F8: =IF(A8="","",IFERROR(VLOOKUP(A8,Categories!$A:$D,4,FALSE),"")) | G8: =IF(A8="","",IFERROR(VLOOKUP(A8,Categories!$A:$B,2,FALSE),"⚠️ Unknown category — Goldberg will ignore this row"))
A9: bully.mention_insult | B9: Not this again... {mention}, you know Google exists, right? | C9: TRUE | D9: Original | F9: =IF(A9="","",IFERROR(VLOOKUP(A9,Categories!$A:$D,4,FALSE),"")) | G9: =IF(A9="","",IFERROR(VLOOKUP(A9,Categories!$A:$B,2,FALSE),"⚠️ Unknown category — Goldberg will ignore this row"))
A10: bully.mention_insult | B10: I'm starting to think you're just a glorified keyboard smasher, {mention}. | C10: TRUE | D10: Original | F10: =IF(A10="","",IFERROR(VLOOKUP(A10,Categories!$A:$D,4,FALSE),"")) | G10: =IF(A10="","",IFERROR(VLOOKUP(A10,Categories!$A:$B,2,FALSE),"⚠️ Unknown category — Goldberg will ignore this row"))
A11: bully.mention_insult | B11: Imagine if you put half as much effort into coding as you do asking me for help, {mention}. | C11: TRUE | D11: Original | F11: =IF(A11="","",IFERROR(VLOOKUP(A11,Categories!$A:$D,4,FALSE),"")) | G11: =IF(A11="","",IFERROR(VLOOKUP(A11,Categories!$A:$B,2,FALSE),"⚠️ Unknown category — Goldberg will ignore this row"))
A12: bully.mention_insult | B12: {mention}, do you even open your IDE without calling me first? | C12: TRUE | D12: Original | F12: =IF(A12="","",IFERROR(VLOOKUP(A12,Categories!$A:$D,4,FALSE),"")) | G12: =IF(A12="","",IFERROR(VLOOKUP(A12,Categories!$A:$B,2,FALSE),"⚠️ Unknown category — Goldberg will ignore this row"))
A13: bully.mention_insult | B13: You should put 'Discord Bot Dependent' on your resume, {mention}. | C13: TRUE | D13: Original | F13: =IF(A13="","",IFERROR(VLOOKUP(A13,Categories!$A:$D,4,FALSE),"")) | G13: =IF(A13="","",IFERROR(VLOOKUP(A13,Categories!$A:$B,2,FALSE),"⚠️ Unknown category — Goldberg will ignore this row"))
... A175: notes.abandoned | B175: The meeting appears to be over, judging by the complete absence of humans. | C175: TRUE | D175: Original | F175: =IF(A175="","",IFERROR(VLOOKUP(A175,Categories!$A:$D,4,FALSE),"")) | G175: =IF(A175="","",IFERROR(VLOOKUP(A175,Categories!$A:$B,2,FALSE),"⚠️ Unknown category — Goldberg will ignore this row"))
F176: =IF(A176="","",IFERROR(VLOOKUP(A176,Categories!$A:$D,4,FALSE),"")) | G176: =IF(A176="","",IFERROR(VLOOKUP(A176,Categories!$A:$B,2,FALSE),"⚠️ Unknown category — Goldberg will ignore this row"))
F177: =IF(A177="","",IFERROR(VLOOKUP(A177,Categories!$A:$D,4,FALSE),"")) | G177: =IF(A177="","",IFERROR(VLOOKUP(A177,Categories!$A:$B,2,FALSE),"⚠️ Unknown category — Goldberg will ignore this row"))
F178: =IF(A178="","",IFERROR(VLOOKUP(A178,Categories!$A:$D,4,FALSE),"")) | G178: =IF(A178="","",IFERROR(VLOOKUP(A178,Categories!$A:$B,2,FALSE),"⚠️ Unknown category — Goldberg will ignore this row"))
F179: =IF(A179="","",IFERROR(VLOOKUP(A179,Categories!$A:$D,4,FALSE),"")) | G179: =IF(A179="","",IFERROR(VLOOKUP(A179,Categories!$A:$B,2,FALSE),"⚠️ Unknown category — Goldberg will ignore this row"))
F180: =IF(A180="","",IFERROR(VLOOKUP(A180,Categories!$A:$D,4,FALSE),"")) | G180: =IF(A180="","",IFERROR(VLOOKUP(A180,Categories!$A:$B,2,FALSE),"⚠️ Unknown category — Goldberg will ignore this row"))
F181: =IF(A181="","",IFERROR(VLOOKUP(A181,Categories!$A:$D,4,FALSE),"")) | G181: =IF(A181="","",IFERROR(VLOOKUP(A181,Categories!$A:$B,2,FALSE),"⚠️ Unknown category — Goldberg will ignore this row"))
F182: =IF(A182="","",IFERROR(VLOOKUP(A182,Categories!$A:$D,4,FALSE),"")) | G182: =IF(A182="","",IFERROR(VLOOKUP(A182,Categories!$A:$B,2,FALSE),"⚠️ Unknown category — Goldberg will ignore this row"))
F183: =IF(A183="","",IFERROR(VLOOKUP(A183,Categories!$A:$D,4,FALSE),"")) | G183: =IF(A183="","",IFERROR(VLOOKUP(A183,Categories!$A:$B,2,FALSE),"⚠️ Unknown category — Goldberg will ignore this row"))
F184: =IF(A184="","",IFERROR(VLOOKUP(A184,Categories!$A:$D,4,FALSE),"")) | G184: =IF(A184="","",IFERROR(VLOOKUP(A184,Categories!$A:$B,2,FALSE),"⚠️ Unknown category — Goldberg will ignore this row"))
F185: =IF(A185="","",IFERROR(VLOOKUP(A185,Categories!$A:$D,4,FALSE),"")) | G185: =IF(A185="","",IFERROR(VLOOKUP(A185,Categories!$A:$B,2,FALSE),"⚠️ Unknown category — Goldberg will ignore this row"))
F186: =IF(A186="","",IFERROR(VLOOKUP(A186,Categories!$A:$D,4,FALSE),"")) | G186: =IF(A186="","",IFERROR(VLOOKUP(A186,Categories!$A:$B,2,FALSE),"⚠️ Unknown category — Goldberg will ignore this row"))
F187: =IF(A187="","",IFERROR(VLOOKUP(A187,Categories!$A:$D,4,FALSE),"")) | G187: =IF(A187="","",IFERROR(VLOOKUP(A187,Categories!$A:$B,2,FALSE),"⚠️ Unknown category — Goldberg will ignore this row"))
... F475: =IF(A475="","",IFERROR(VLOOKUP(A475,Categories!$A:$D,4,FALSE),"")) | G475: =IF(A475="","",IFERROR(VLOOKUP(A475,Categories!$A:$B,2,FALSE),"⚠️ Unknown category — Goldberg will ignore this row"))

Sheet Categories
A1: Category | B1: Where Goldberg uses it | C1: Placeholders you can use | D1: Tone | E1: Goal | F1: Active lines
A2: bully.first_mention | B2: Reply the very first time someone @mentions Goldberg. | C2: {mention} | D2: Mock-friendly / faux-helpful | E2: Onboard a new user with a wink | F2: =COUNTIFS(Lines!$A:$A,A2,Lines!$C:$C,TRUE)
A3: bully.mention_insult | B3: Reply every time after that when someone @mentions Goldberg. | C3: {mention} | D3: Escalating insult, exasperated | E3: Roast over-reliance; comedic | F3: =COUNTIFS(Lines!$A:$A,A3,Lines!$C:$C,TRUE)
A4: bully.random_reply | B4: Rare (0.5%) random reply to any message in a bully channel. | C4: {mention} (optional) | D4: Dismissive one-liner | E4: Ambient chaos / feel his presence | F4: =COUNTIFS(Lines!$A:$A,A4,Lines!$C:$C,TRUE)
A5: bully.name_drop | B5: Someone types 'Goldberg' as plain text (no @). 15% chance, at most once per channel every 30s. | C5: {mention} | D5: Attention-seeking, smug | E5: React to being talked about | F5: =COUNTIFS(Lines!$A:$A,A5,Lines!$C:$C,TRUE)
A6: bully.shutup | B6: /shutup — he's offended, but he goes quiet. | C6: {duration}, {mention} | D6: Offended but compliant | E6: Confirm he's muted and for how long | F6: =COUNTIFS(Lines!$A:$A,A6,Lines!$C:$C,TRUE)
A7: bully.wakeup | B7: /wakeup — ends an active /shutup early. | C7: {mention} | D7: Smug, triumphant | E7: Announce he's back | F7: =COUNTIFS(Lines!$A:$A,A7,Lines!$C:$C,TRUE)
A8: bully.already_awake | B8: /wakeup when he isn't muted (only the person who ran it sees this). | C8: {mention} | D8: Dry | E8: Say there's nothing to wake up | F8: =COUNTIFS(Lines!$A:$A,A8,Lines!$C:$C,TRUE)
A9: joke | B9: /joke | C9: (none) | D9: Dev humor with a light jab | E9: Entertain | F9: =COUNTIFS(Lines!$A:$A,A9,Lines!$C:$C,TRUE)
A10: hello | B10: /hello | C10: {mention} | D10: Reluctant greeting | E10: Greet a user | F10: =COUNTIFS(Lines!$A:$A,A10,Lines!$C:$C,TRUE)
A11: devs_only | B11: Shown when a non-dev uses a dev-only command (/documentation, /help, /repo, /officehours, /schedule, /sprint_board, /my_tasks, /takenotes, /stopnotes). | C11: (none) | D11: Gatekeeping, cool | E11: Turn away non-devs | F11: =COUNTIFS(Lines!$A:$A,A11,Lines!$C:$C,TRUE)
A12: builds.no_role | B12: /builds when the user has neither the dev nor tester role. | C12: (none) | D12: Gatekeeping, cool | E12: Turn away people without access | F12: =COUNTIFS(Lines!$A:$A,A12,Lines!$C:$C,TRUE)
A13: socials.description | B13: /socials embed description. | C13: (none) | D13: Reluctant promoter | E13: Introduce the links | F13: =COUNTIFS(Lines!$A:$A,A13,Lines!$C:$C,TRUE)
... A47: notes.abandoned | B47: Everyone left the call while recording, so he stops on his own. | C47: (none) | D47: Resigned | E47: Note the automatic stop | F47: =COUNTIFS(Lines!$A:$A,A47,Lines!$C:$C,TRUE)
